user_id,password
2661066,OhbVrpoi
3848565,VgRV5IfL
5801450,BcbfnoGM
1041736,bJmTPSIA
9545654,oCLrZ3aW
1335852,ZkSBvrjn
8148436,9Wvgfygw
2818414,2wMqZcUD
1085532,Ih7yfJs1
4852865,ON43xKmT
3890392,ecQoXsf2
7601486,o3gyrDO1
6529026,xkxwnQrS
3103036,7RPeMOkI
2292693,UpkDyr7O
4241233,SJoRu1XX
7187347,do0cZuzr
4283793,en68K4Tu
1836047,nPFz46PD
5240730,jqipVJIq
8215341,VLB5Lzxo
6714900,iGFfWd3h
8326192,jOkYRBMe
8680162,yyMDHqJ3
8472618,8aRUhR4I
3627236,WrXPvhsB
8624627,kDa9U4Uq
9517632,GWlG6g3O
4431027,t1OGMmjx
8471447,WkI9X7H6
7366148,aMuFbh7x
5848663,41Ztpdp4
8551789,K8ffUF0e
2440704,WIXiiQE8
3188549,JkqH3MB9
3898945,n7IWUSmT
7226385,tzQPxC5H
4056399,ChpoevbL
1848333,JoLoaeTO
8460048,doe5c3ve
3375490,GprQFnIi
1532833,U74KKEpY
2372558,EZAmggQB
6946534,wBAD3UdR
3274414,PPgdzUvZ
3214469,3gpmmICi
4675579,BlrDp37e
3901069,CZ32JgdP
3673356,I1af7W2p
5218481,kAFEn3z5
4621200,dkyayq7Y
4232602,YDsBS9UY
7845877,JQTFjmsn
8456723,9dLVIdVu
5983254,ddLEG62H
4058587,kd9Gf2le
8094285,MeR3pzh8
7126905,4KpLMcNf
7238258,AQLKHu7q
8265043,nQTupqzi
9481220,QPtDu7W7
8670207,eaDNKgeI
7075963,nGqi7w4e
2392882,4pxskC1I
8595404,TtNZPHaQ
5313924,0Jt7Qg84
3377059,iqh4gVJj
4595070,rsMnTvnR
7168235,O2qGFq56
6310907,2dfOB1rc
4144403,avXiOqkV
6156414,CJTBJahe
3099354,84S5jIc1
3772173,xLJjBict
2693166,x57Y3c5w
1616837,nRpQgwXJ
4844128,43ANVj77
4039932,p3kZZl4A
9956736,blV7vY7A
9174401,ZQ3VZprk
7210186,YSgy3c2E
4592920,om06Dwt0
4274212,Y3oobQmz
7824068,vr3e9Xrw
6676317,PGzR1Iv8
9886958,bh4qlL9q
5267840,cgMBwUYu
8104523,BMGhy5Km
2947107,qcTBaH7Z
2073451,IRU8VVQm
9001274,xBe8Q6vN
2965659,uQ2hU5tG
6817367,tQAuzSsJ
1562747,imAQ8yRV
6359169,5lNKtzJ1
4766555,atsnBYLM
8792722,PuDCCRnG
8076207,EY59YVkQ
5022142,fsGQONvf
6921836,08WpRtoZ
1563624,mjbcpEN2
1849220,XeDA4OKm
7229904,TSyFzpjP
2511803,Sa5W3X4g
9826570,XBolZ9SH
8142839,DdJp62hD
2140168,iZDQHJMu
7246563,8W5CN0U5
9572313,GB16JC5k
1108930,V3ECqWp1
7533099,OrXXHFOp
8144747,rCeTsprv
7179969,u5Ifijoy
7641129,SjTneAAv
2197696,IDAdn1Ay
7343385,5XL8Sb24
6210618,WKyEa8wt
1094392,Wy2591AI
2388333,VVIZM5oF
8173844,orBFbyvQ
8870448,RZzUk1D6
9640552,iNIb6zLK
6787841,QbfPBi3D
4507106,ldqyunDu
7904010,vW4yrW81
6361648,Aq1fEbVI
2614711,d8woPeX9
8517932,PcWb8pm1
9487136,bNjpiEQh
2170313,K8nDSqXx
5171751,kMM9VThX
5160690,0k9tgLb7
7808477,tKR69yz8
4426746,TmeLS1Op
5575430,gSXt2RMZ
8324620,hYKYcwIB
3591209,QxeGPva2
5233117,A0FgB9xO
1429811,51DTjBlU
1443305,H9PrNZ6I
7162496,XEDB0ULr
2027264,u2p17fr4
8189536,CpWDKNQy
5882409,vbF2ulFn
5616205,wZqvr4MS
6268747,4rJaH8mf
8960374,pUAFJWpS
2967428,EPTFCYbf
9966937,sozSptQL
7780350,xEJHwBVJ
5999065,vwSDrtqo
8134952,hUmuhVI8
8469786,WSlmnVEr
9085036,ULWHMsg1
4420830,msoxltaT
1747857,IircdJsS
8819614,8iO3WFg3
3236705,aKsEECvl
3371717,9dq83Eh0
2387251,ezFeKORd
5690926,jjZK8tfp
7731561,hJWAMMYN
6668369,oXHyC6Ct
9223728,3LBtKNdN
7248729,9Vg8WnOn
3613312,qQfkplJe
1161176,kaACSMEs
3627286,cosTsS3D
4771884,eRo7qYYO
2183597,LQZ7mBhI
4686252,oPj6r0je
2767546,dkYtMV0K
5448013,6sChDStS
3385864,z8rGIFCf
1683255,Mc4BVuMq
1193182,bfo9R13K
7003085,L8bWR0rK
1931288,cWWlEHPC
7061536,6rlLBO0F
4396589,fEwAvuQg
1979200,2kvASFsQ
3682537,8z0WJcDf
6422187,uquhXz3G
6628202,0aQ3IDAd
1543694,mHxNWFOC
8729290,WdnrJi7s
1463367,C4SFhbOM
8182965,ZpTktJaJ
5923617,Afo16hD8
8450817,hP1jF7Ts
3872128,GTrA1EEp
1103361,DJjym6MG
3959156,V4i3erXY
2966935,2Av7YGr0
2348706,asUt1LLQ
4897702,F3jCIEwv
4888412,JWIyD7u3
6657153,mSpKyo2X
6137726,AcuVET6Z
8080012,yyQY0PjF
6517505,9ciG9Lv3
4261832,g32CgH6D
2871782,aUjA3Pje
7194216,EYqvNSzP
3483169,f2v2R2Iy
9521315,9uOT4WF3
4180155,IcNepOR6
2118348,soVfBgWO
6687246,T3gCkSt5
5905146,bcuYdswx
5640362,BjpHAKRY
6917550,lklfN3yN
3005173,RpF6LjoD
6270118,OqDqQa5Z
9790744,D5sRIkeC
7399410,8wLtO9BS
4645670,qD2tmy2E
1849129,gpyKwKsS
8316572,sb1QzraK
4910978,3RXVd6MV
1254154,F155sXZo
7894944,MZwoOmNq
2667599,RWUXQR1i
5862582,Og5OPctY
6422890,CcLxUif6
8587174,suVAlmiY
7402864,I4xHG6r1
8066526,kq608E9Z
9149069,sV3vZhD9
4874080,ejW9o3RU
9654036,Rz92ZJxf
5739779,YzaqIhDx
3517504,RVRqLy0O
9746360,8xgRoEbN
5110158,48Ju6NoP
1825659,eO0D6StP
4448324,Ahic8ctF
6365849,hgp4IiyD
7595935,xQ8VS8IA
1223511,LVUj4APg
3929427,1FNA88rc
4676656,SxnCC8p2
4373522,xgRxI5Pw
1659260,dzrm9h82
1116893,0DfQnPOM
4952339,bdYvpiYK
5333420,ne1WJnLn
9307913,03ovXjY5
8628053,Mar2jiIq
5359543,ZlhQ3bia
6719272,wYYpLubl
7729653,qdiVAHhV
2956636,eECXxGLg
5436190,CGo8NcUY
3487902,63QHtDP9
6864557,bdE2zBRg
9479482,FT6Ce5fu
7977683,MjeirNOL
7119845,JTuyMHsD
4367743,GMBgYSh2
1895204,PP4XJU3n
6156923,BC4oAv0D
9364786,zAUguBuQ
5540926,qx9jR7Ee
2839568,f1ffBgVV
7081371,xZiJdL9J
9269149,JvQhAw3Q
1365266,8WB36Ud9
9044127,sMtwgKGn
8275689,jQEo2gw2
6065973,JxhWrKoZ
4382751,B2JX0NNR
4533753,PJbM7Q1S
3018732,rblrSWt6
1309780,vwal3jKQ
4900645,zejVObfV
7301835,HnyADvkx
4235819,tUuX8KMf
4994806,4djkWNdR
3750527,frCQBFMC
7312624,ArnWGhwB
6640846,hsRRLFHQ
1321642,tcozMdan
2254665,t8nXiWqs
7327245,uhaFVBli
2122902,yIToGJ1Q
9535424,Zwez3VcB
4299292,bD6e3uKB
6286521,KzTOAshz
3094820,b9ukZ8ND
5522223,1S6xfB2g
6041263,pBLzHfz3
7543590,tVvovXke
1896167,GOhHGm5X
3077432,wwU90P0j
3698530,pgjqmlMj
3488374,WWPel8XO
3585808,FDWKWLCR
6292664,74KPONu3
6525504,OujCeECO
8947362,tYrLdwGe
2823708,tDCcdx1s
9045286,eP32fNMG
4173914,yDLJ9YV5
6402076,cC6ZKPmu
3969448,MEGj9dCg
4661949,Z51vTfGP
2176222,lcpTCCHH
6644024,Nkxx6syA
8667844,XvRMdYOP
8939642,vevgJRys
2815096,qU2Q96M3
6760119,jvfLQj6w
5146713,t9PSQziM
7759389,T8ftJyPY
2015958,v0iQS18V
8709261,R6HfPQBG
9236927,xbxtl8nv
3599767,8XFmoije
8094519,s2YgGXI1
2236715,V4HcQv4X
8323938,NiMyjkl1
6553714,SXNZ5kUC
4539082,cAxRUpCN
1596834,sWVYCoIp
7903322,t9ZYE51m
4129655,xR8KCDXs
1488443,XyGHA9k0
4664592,mZMi3qdP
4843643,E3xJ7gT2
3288027,H2hsfWkr
1438574,C5Gj1Bf8
8663048,6o0C4w7b
7362677,AdzGxpyf
3987690,xobu7g1T
8606060,PvYjics6
7949433,1ES1iWTE
8709735,CNa5fbqn
5905126,1jJ8UMHB
8906838,hXspthdp
1409957,AOYNDeh1
2584927,5FMIbOGK
7483489,pTjsBaNw
1399960,pKAlQQfH
6842325,xe9HIGYG
1119756,Jby3EcOy
2714416,xqVbwYew
7070501,pUQOgXLV
5984708,WvicwIv0
9330164,Pl1XRDSE
2562730,OlZieTX8
2158024,DcsmcYm4
8548045,cu7tGz0I
9534251,EqcWPmsw
1987701,3Xd3Pvrh
8082000,ZxB4zVC5
1795146,9yvlFSFx
8827100,7ZHrZfUB
8142999,fBM0lIsu
1005830,gfuQstCM
7507890,TBkSCwCc
8558515,U36wNBrO
8249746,Y8deQOzx
2104457,GZVRk8bj
2651849,2MRYCcie
5820157,pXPxxy8K
8859693,cMjRC8xx
2275367,CWeKiHxz
4026340,uPrp9hbV
5658336,lFHy6Jhq
7448447,XqTCnNsS
6799941,6Fmhi2eC
6707321,l5TCfZR9
7413337,2uQwTeJI
5051604,s5t2kTT7
8601193,SOlYxGoh
9902652,mYipYFbx
3344296,JKxDZJiN
8336703,4fetzTUE
1322407,HAXA0Kei
8863900,uPeCDRHw
3877505,i41XJOLl
9872145,X9iBG63d
3250458,1hHjtkku
9880570,7Tow88H5
5165708,s2fqmO9J
1575697,riOtNIfG
8840340,PkL8LjkQ
9569962,NU5Mv17K
9480102,c03bfc8P
4346823,XKqPnXKA
9543239,NObF4OIs
7524932,P9tEpZZR
7819521,ztDeSdkC
7617621,AEDnvMju
8123532,3TuU3wzi
4283177,WxGJgupD
2663009,hrCpjgds
1154640,8y3NAp93
1485728,5k0u7KUu
1693608,mWkFGDF4
6075107,tFbf8zGD
3521830,9pnLwdds
5925514,FM41PREs
8999970,Ia2gBi4q
8458831,UxWzxczd
7959283,KJmxJsey
6016292,GCWJr0NR
3694693,NhigzxYv
8754098,J8xWjmMG
3994352,zGccciTv
9734614,ZEHDjM5G
5655022,iu7NukzN
7806994,V1tLvG1G
4056118,IFTKtE0b
5278989,xvRhALtY
1527799,5U3SObME
8467728,q9PYXLKo
3103487,UdLEkHOU
9862257,NX1yj0Rp
4495381,cK8ShmbC
9262468,uAjASnAG
8516625,XN6E32VU
9877817,dTiHnJuQ
4157077,EHyu9lD6
1256864,IvIwRX3U
9386944,RPZSqNEm
9662260,9prJto8t
8076562,XsTnSTFu
1865282,EwJ77YUr
9835070,shKRIy5z
7936261,0w9XZjsc
5503247,s9Tfw7CP
9200395,qVEnm0Ir
2749691,7JSrigNV
1970815,LppdQ5Ho
6684890,OodgAvTE
7108965,gRXia9J7
8933000,kAP744EE
7659792,PmW9susP
5321940,d6XfPKoI
9125993,VU27c66l
7775956,A41l76c1
6051648,zYFl7V93
4241320,7s4catKM
8736474,g7vsDPIH
5252096,F48i2GDr
7069927,mZhvkUDP
7725860,qTlaVvYs
8459803,KRWmlN2O
6342152,5z0BGufz
9439879,QgliEu7p
5614136,aqypCWr9
6328163,vtLUKaqP
4147695,xSpdQhDt
2031800,kzRG754T
7844249,XtShO68s
4097125,xNoo9iEj
4292368,DVMxASJ6
5913862,EWIZQ0nW
3348766,pRWM3YfH
9750382,CHTxe6Kh
8471984,d1J5GmKI
7819055,jku2HChR
6898777,nTLFf5GC
1288416,ZdDiGADK
5054781,dJDRZtUb
6581684,zq0aVnLe
2551160,cBwSeId7
5250694,5e7EcsAl
9490287,XiXPUP9A
7549870,x5yC366y
7614729,yfR9Q3Ii
2201303,P3whlIzH
7527882,iUo1aWbt
5751991,DRUIBIy0
4874107,opDwjrm7
9732112,4UWhcZQA
7453089,NX744bpn
9194441,egMcCMRT
8803743,3dpVczCo
9522799,InW3XdiG
7442206,so06UKuK
1426754,MXR0upt4
6558200,jQHoAtrd
7752509,J8L4V6lO
4673345,RBJFdw8P
9972251,QyYHuSAA
1286849,jtylWIEp
9683850,2ot2TjZD
4414320,6dJA9AJH
9767662,iypqnvPf
9864544,7C2xfIU1
9604737,mdryRMMc
1915040,3emZWLUQ
9179030,JnEn36vt
7683412,96an7m9V
9176072,hVWE6pSM
8753538,Tnz6pJuX
7383259,syDIPwtq
2189633,xG4FDgZU
4434605,EW1u6nxu
2858261,AcK3oVjb
7886228,qJ7LLUAs
1484706,jmvoyK1p
5349232,FJP8RvqW
8724454,0F9UPVFD
4967388,kUYwkiUI
3277091,Fl64IP9d
9535863,Hc12e80Q
2310204,dWaAi1Oo
4187458,eTjanGDx
5388511,dNOQ7N6E
9386620,QFbaIJAa
6911143,bHUrIsbG
9236019,0SRBZ86l
8165649,g6gHjpmN
7167231,Hq0wrYzf
5829915,x9zDKpSo
6187342,tR02fP2P
2131149,WcfzyyJE
2324744,dOaSkfF2
2786757,BPYvK2g5
9788374,H6con53S
5948191,4KErc7eR
3302687,7r5IKQcl
9981260,72ub9nLj
3896965,W0T0z7et
6923749,kKpK12yR
2622654,5IvyWViY
7599336,SUfGVwdg
3691117,Bo1evMXN
3291032,9MzXubOr
5822946,YCFowJ8y
2563586,BlRLQyfX
4539002,NsZpTefr
6026613,jyTYOjVy
5590009,uxgfa8tC
9926351,xWrgiflB
3792037,CJJGAgbf
2867606,wJfMMYu3
4074627,yasAyXfU
3163469,5J5pKHkR
6748238,ykirtrFj
5279689,ekBrAtEY
1116427,exq8pUOF
6347349,MNmDgita
1083287,8zv1NyZ3
4088704,vCvB003P
6526381,MituM8Sm
3209993,Eul9z9us
6611793,VSOF9KYp
3567625,uyr0Yzxh
2839506,7KmLIlRX
2378207,Jb8UD8Tn
8645326,CZs1Se02
7534980,YYARFiOt
4812014,pqQjTBYy
7146254,eCMELzIG
6856673,763SAIcY
6151850,9xS5ZIMO
5087344,6fgXpQQw
6720287,kPNcKPRP
4025602,z9Wv9YBg
2255969,agqoGVHJ
4733519,LSKoCxzD
7758769,XRLSGjwb
7222184,EgsA69fh
4641894,18UjwtvD
3593083,YnHEwEgC
7551310,USCuetcZ
2547932,Thb2vPgR
4534368,Zk7VpHlJ
6173564,kvJB9DoZ
9652328,zOllOQBz
4799494,bVN4mCLB
9053658,yaTnnrWT
9675040,ZYeKgZ3I
2307055,lxumDhqQ
9328843,3FH9OuMy
5054144,NzLhww2D
4908926,Nl0RTZt6
7701249,NLfRiuhp
7004842,thlxSjGy
1051093,AMiKyBlF
7784825,OIS6P7lJ
6847703,kFsilu1C
9093324,Nd3w8aFi
3802057,m0y9JGPF
6987289,ARFAT1CF
3886545,kfKbYWos
5718183,croIskXD
1308007,KVXXFJGh
3429786,KhrXI0xI
4568826,0WcWUCIn
9948081,BgV1PWpt
4909757,3cCqw30f
7984890,C3hXZpnZ
9258094,VLSw3TNO
6951635,BkNiYn0n
8566283,ZdKwIrMI
3991743,kuTssKr8
2969844,2G5R0gi9
2733139,WYA6dr3P
8950795,iS3ipjTu
4295231,1pW1RzFj
3123219,KOrOAyCe
2338667,OY4XfzGV
9914112,rS74xD8F
2735126,uLa3X2Uf
4434370,UDOQSw2e
8997908,YIzn9B0n
8199377,Fru1svJK
9481614,iK2FYv5R
3668963,WdcgOY1D
8858283,bh72kCDa
9394598,9BmS6i4P
8289329,tk374rfP
3510911,xqfxQ5Pk
1746660,dzOtUSWo
6206853,BPfTganE
5306741,eiLoHRCa
6591890,aSv0h3BS
7972664,iEeoyfUZ
8884151,ggux4tiy
4260724,X0W3iPRj
5543413,eHKaNPkC
4209147,wUnOVj6A
6480879,NRC3nf5g
7037341,iWhLUyw9
3181393,BuYiprPf
2369863,pJMMUMsX
9536217,8Sb22Q4t
2305940,nHMGmVzs
4278298,PdY5Y9pF
9916941,yhpFOMeH
2231629,4ax7uiy3
8824260,1KAxIRlW
7600675,E9XebLea
9601983,qnc7d8Yz
1371680,GsOTGXAB
6058837,SzfOIINj
8047866,rftfG6nZ
3958818,jIuzLOW1
4218663,PRPetSBU
4638959,92pdpf7B
3846822,hDNMdtQV
5546235,QVlhaTiS
5524689,akF8wHHY
8687883,0UqkxiVX
2775891,3rU4hX5b
5554002,vZBrHeqT
6372644,KOeFDGxd
9946203,F2KkxkqX
6993740,g5KRUhoV
1229603,Gac23apc
4721475,Exy6jl79
2434374,2cJZ6TVP
6853143,AoupA6Uu
4285983,r0eKxhGR
2983466,5dloZHc9
8055723,ze4D3sX2
1530764,tufJDaxm
1401239,sKYtVNpD
5169817,xLFXXmU5
8921205,IWYpja7A
7658434,boIwO1S4
1799741,a8vaWQy2
4550389,VUtgnHpA
4145908,F9djTrfc
8189190,6o52HAS5
4373788,xDVfLgGi
8995057,O0zeLKdB
3335622,Q9ipsq2u
9081681,7ZzS1Vuu
9244054,Croe8miX
4215210,XLgjgkCD
2949960,uAhIw9Xn
1980749,CtDq2hfk
3242208,ZRt0TSMc
3050478,n12ujfTp
6752053,9wzGdRtq
1156758,0lb8z2CJ
3832993,VJpgDgZY
1626395,ihad1Xoi
2239788,m0zxRO8P
1197468,fLLq60eb
1750010,em5PCZif
1780039,521Zvhc8
6312877,Ddk7KB0U
1283163,zFbyRBlw
7148978,n6lrrC4j
9450378,cNNNpPsF
6659690,A4JEdfry
4330365,iAmP4ZHp
2789846,OZIYbyYT
1107973,wEIYFw6K
3387097,GuyrlbuM
7693798,ob5ZXrdZ
1907476,EHwXLokg
9159107,pQprI0Y6
9282916,VdW8oK2Z
5501369,yw712llp
5352285,LuZVSw6L
9290403,bTSw8KKj
8106633,K8m1Z4FI
6118804,tlFcfdoM
5193520,obHEav6N
5658856,mZivTl6Z
2443598,23udbjLT
1565710,6jXh2H3x
2651520,9exT8QzL
6387056,gvtuikU8
3249261,BYO9FPul
4974957,T9JS47NY
8141544,woQL0lyt
7023580,USsilUa8
4609931,S8Kz2X9K
2261266,clMu6Z9N
3846624,oOKg7Fjv
3640178,VepwukO4
1667702,9f0TQOU4
7753287,vCaqnpSe
3358494,wqYgUady
9530498,CUAk4AF4
9953642,ywIyg1EY
3363636,3KPWRokC
7006073,eZ2csbuq
3468194,8gevk4yk
8176254,UeJ85fvM
4500430,N5ETbB8P
7550227,kM4Bkdgv
4459586,nmASJU7U
8638059,IqQstpgd
7557464,zKJ1Fjdx
3502676,aBfs0QOM
8811148,EmgbnkOs
7106153,fE2htYzE
4371222,F5QqfPIy
1725719,lx4yxlCc
7091863,qCDqo1rK
6855712,djWSQgfQ
3120644,wZIAWLoJ
4100169,d1y0HA9I
7152730,R37EK4pE
1906155,tfz52TcG
2381186,K5HZKRNj
1331154,h8WCl8kn
5121494,ZmicBfRB
3066126,m0Oj1Mqu
9267638,6U6ZefyJ
7106353,zJu2rHD6
2404066,3aYSNLHY
6332221,AhAjjKLL
3119693,W98g7gKX
7653753,gYs3I4w4
7018522,AqyPFKME
2010693,clrzjNMR
8424576,Szcz44vS
3351141,pdVE6r5x
3487770,bv0Yttr1
3398741,F2SRg3oi
2309360,tVCX0urU
2706566,AMPfmCn6
1998115,0AVFWH3x
3676453,0dGYketT
9172236,GziX2H4K
6342077,blm41m1d
2251115,pcDd6xTm
7801481,rx0DGzO7
8000116,hRbpxFMC
6703508,l93ELJww
7794565,k15qV1Sf
9726085,sbydk2KX
2935681,9n2oPoRn
8827582,rPAGb3X9
5620807,XRaE6iPl
7318851,MZaoqMZ8
7615732,tT9TPrB5
3311887,y2wDqnDt
4104824,RH0NzLga
8753298,GQ911xJP
3493201,MMstRgEe
7648626,vrOu3rqP
3766725,T85PtmjH
9481063,Wp5dZ2ZZ
1175433,MzQuRiUb
2023680,PFsq6Azy
6151796,VcLTK0mv
8786083,UToRIOYE
2392738,68QwGt2k
7746528,1Q4JlsgE
7965057,iVqUZJW6
9565636,l8R5vPfo
4986431,woV3tAY4
1173184,vxqLsD2h
9449157,Ed3OLL8N
4798784,eE4mGh3R
1502783,yHtAd32j
5787364,imvAK56D
4798742,ju3TlXfF
7232036,vOluOdaC
1935078,rnWXkKWk
3124901,FYWXfiNB
1213333,OBzB9Eya
1286243,cImUx8a5
6706508,uW1HmbRa
5042235,OUpoS4wt
9146053,igyGLtke
2223422,0ct8sDUH
7261783,MHvB4Riv
5350738,5FwWmk86
6738626,6ZzbooUi
5779217,nUbLGkhx
2114364,TPYcy4Oq
5290207,XINdMdQg
7325112,P1bdShAC
2276073,yhJqESjn
2214192,SROatAQg
3375610,QHrNMSiA
4081906,15gGUNhs
7471716,hYgFmMmX
8698821,q1HmwTAs
4981227,kcJF6nS7
5750642,EvpaaQf6
1469445,h1KQFj8f
7730016,XGeUUg5q
6219915,PoDsqDdg
6902169,0l3c2sxZ
6200611,RuBVhg2W
1496313,4ca2iQPk
6406298,vw5C9Nr4
3705611,Ufx0vlhz
3276023,z9Dr1yS2
5195160,EZAP4Zkh
6944795,iSUd82kg
4242418,A6LEZKRC
1367213,lNyXwNb3
8797665,R41U5iE6
9079323,Fh4ACceq
6392770,PuaT3RHX
4058088,VKUKo9Q3
8843613,vHHSSNgB
9410167,QUpEwQRP
5204009,yj10J5Nd
2105220,aP7kG2E2
8381517,F3keWFup
2893141,vrdGoJPy
2015145,z0pfDCZK
6703407,Cf2FCuhF
9709277,VPbgzAcJ
9056058,Ja0fYM9N
7644292,Ot4GJnPQ
6855831,D8vx0d0o
8540811,2DvJXNME
3183714,TQxTChgW
3083368,Qoavw1O9
2739712,ZsJHxSgc
7285310,5kFi0TVU
7405039,AgqNmmh7
9870074,2znD0YmT
2721648,vgWAc7O1
8435706,RLhX5CDQ
7205981,L9Gi9FaH
2942203,VdJ7B1LE
8435752,7GX66lSL
5598750,lU0igyQM
6342805,M4uG4yAM
6034912,6SWprz9v
3901359,sCZiiAMS
8027998,4VGt1SJ3
7296662,uTV7JOnm
2540871,nNTsRw6R
5100968,iTP9lGIS
2761678,OuThWwJE
1992985,LK8QTARV
3138802,51Is42BZ
9477351,aHgbyjdQ
8784391,dmrWYksR
9862879,qj1dSYsn
7463793,WIcw0CgN
2528441,3RVJ3oVP
4284254,JypGYYZS
8344051,sSQd7yyA
9175684,9YRu9Jda
4163008,VqmN3X33
7825608,C1o6OTTP
8114968,xWLIVMmX
6333877,U9msClRe
9375558,l9lVGhyc
4550064,BrJqikL2
9130216,qavDT7jc
7991401,j7uMdX7O
7481541,N1QtFYKJ
1530109,weYTuHo9
4063837,lHeYGkAI
4315938,Izfwo4nQ
5482300,vvxsn8WN
5896018,HEJ0WPah
1926284,QwCp5PN6
9484678,Np9cR4uy
5278269,6Y8hyqIU
8912732,sb6H0XxG
9354071,ZGCFcs5P
5635762,muGf8gk9
4602179,XIIaOenQ
4923562,OXn3RB1g
5518268,nI1S4VXB
8836447,P08eVRjb
4713478,DTvcfedl
5658379,YqJeK0o6
1676165,qAyCOzBu
6283001,byRhIaPU
2764569,NeWVLcS2
2983260,ew7GgsYR
8581208,tMfsW7Cy
8222911,z0QbEkIo
5046510,iVzYZ2Is
8299821,9OjtR469
3949810,Y3UPx98a
1435929,J3JjhcaK
6028684,MzIJ8ftn
8279060,VV5UwnA5
8313924,P2GjkloN
2657574,1qmhlQZK
1235689,2d2W7JDP
6885437,JesQeqgm
5765974,ULF8vwiQ
6141147,PpgsNe5m
4376403,uFCvNQtS
5566797,LjKKxZu9
8822461,BkaupYoT
3503536,VPBr1xiR
5191981,Uv4EDCwX
5468737,tFJglPMf
6234852,1r20i5Im
7810585,qU4OeUe5
4302728,b2GOb0LL
1005535,zXLn6cJq
6304439,I5IEPXjx
2873844,zo5XLU2s
1720496,iDGGfzxG
8283417,aQp29ZNR
7132773,kWGiCklK
9903894,8KQ39jVU
2706654,E8wcoWFo
3267348,eqxocQnH
6475106,6YxyE6D4
5453875,ccPugT9H
6031693,O1r1VqLI
8849373,KlyPyxLP
6680322,51eHqy6o
1428897,Hzw03wFY
1918527,E4MaG4iC
1390224,koeGPrnj
3218814,lkxMT0hQ
8831292,oAZvUhER
3791951,EEnLkP1A
3112670,bpciKLki
6254847,OGc5Kjdk
2573008,q7lH9zMK
1056383,Ob4UUQ0s
8787646,8fnCME3E
3144119,ko1AMjYL
9072168,0XlNQGqk
1394267,URv7DMLe
5998470,oyyigbmH
9006432,36GRA0jM
3240879,glE5NMc4
5014555,YIGWhfEQ
3331219,i5MI0a58
9392705,XRPBHAx3
8523294,cSHBo8ZE
8049424,YXywLZV6
3840369,W1SKgBiq
4499220,EXo62fsM
8552429,4IAqmaTV
4800858,YaKHhHay
1991017,PnSZuAxg
3826475,jBPLqq2I
5824948,BKxNrRzW
4238904,nAJYJElx
3867317,JJEqtKwX
9730326,TzVi23Qh
6527239,VoCYS8kg
7940628,nGzYvZJN
6704053,SRTdky9O
4928443,aZf0jE7M
7061472,BfeqoxfM
7743052,cUy7zNPH
3900606,sT9Md8X0
5129320,lOFCam2Q
5052696,7ZHsmcYM
8926861,GHSoNkRc
3250521,xpPakfrX
2962189,zwQzzLmH
6606346,aVTe6fJs
9369659,U1J6Lww9
1733353,0roM9mD7
9896656,zKaqlAGg
